O=c1c2ccccc2c(=O)c2c1ccc1c2[nH]c2c3c(=O)c4ccccc4c(=O)c3c3[nH]c4c(ccc5c(=O)c6ccccc6c(=O)c54)c3c12,0
N#C/N=C/C(=O)NCC(=O)NN,1
N#C/N=C1/C=NC(=O)NC1=O,1
N#C/N=C/C(=O)NCC(N)=O,1
CCCCN(CC(O)C1=C/C(=N\C#N)C(=O)C=C1)N=O,1
N#C/N=C\C(=O)OCC(N)C(=O)O,1
CCN(CC(O)C1=CC(=O)/C(=N/C#N)C=C1)N=O,1
CC(=O)OC1(C(C)=O)CCC2C3C=C(Cl)C4=CC(=O)OCC4(C)C3CCC21C,0
Nc1nc(N)nc(N)n1,0
Cc1ccc(N=Nc2c(O)ccc3ccccc23)c([N+](=O)[O-])c1,1
CC(C)CC(=O)Nc1snc2ccccc12,0
Cc1cccc([N+](=O)[O-])c1C,1
C#CC1(OC(=O)CCCCCC)CCC2C3CCC4=CC(=O)CCC4C3CCC21C,0
CCC[N+](=O)[O-],0
O=C(O)c1cc([N+](=O)[O-])cc2cccnc12,1
OC1C=Cc2c(ccc3c(Br)c4ccccc4cc23)C1O,1
NC(=O)Nc1nc2ccccc2[nH]1,1
C[C@@H](O)CCC(=O)c1ccoc1,0
Nc1ccc2c(c1)oc1ccccc12,1
Cc1ccc2ccc3ccc(C)cc3c2c1,1
Cc1cc2c(nc(N)n2C)c2ncc(-c3ccccc3)nc12,1
CCN(N=O)/C(C=O)=N/O,1
NNc1nnc(NN)c2ccccc12,1
C=CC(=O)NCNC(=O)C=C,1
OCc1cc2c3c(cccc3c1)-c1ccccc1-2,0
Cc1ccccc1-c1ccccc1,0
Cc1cc(O)c2c(c1)C(=O)C13C4C(=O)C56C(=O)c7c(O)cc(C)cc7C(=O)C57C(C(=O)C16C2=O)C(C)C3C7C4C,0
Cc1nc(N)nc(N)n1,0
CCNc1nc(N)nc(Cl)n1,0
c1ccc2c(c1)-c1ccccc1C1C2N1C1CCCCC1,1
CCCCB(CCCC)CCCC,1
CC(=O)NC(CSC(Cl)=C(Cl)Cl)C(=O)O,1
CC(C)[C@@H]1CC[C@H](C)[C@@H]2CC[C@H](C)C[C@@H]12,1
CCN=NNCC,1
O=[N+]([O-])c1cccc(O)c1,1
O=[N+]([O-])c1ccc2c(c1)-c1cccc3cccc-2c13,1
OCc1ccco1,0
c1ccc(-c2ccc(CC[C@H]3CO3)cc2)cc1,1
Oc1cc2c3ccccc3ccc2c2ccccc12,1
Oc1ccc2ccccc2c1N=Nc1ccccc1,1
N[C@H]1CC[C@H](C[C@H]2CC[C@H](N)CC2)CC1,0
COC(=O)C12CC1(C=O)C(C=O)=CC1CC(C)(C)CC12,1
CCOC(=O)C(C)Br,1
COC1(OC2CCC3C4CCC5CC6SC6CC5(C)C4CCC23C)CCCC1,0
CCN(CCCl)CCCNc1c2c(nc3ccccc13)CCCC2,1
CC(=C\C1=CCOC1=O)/C=C(C)/C=C/C=C(\C)C(=O)C12OC1C(O)(CCO)NC2=O,1
CCO[P@](=S)(CC)Sc1ccccc1,0
Nc1ccc([N+](=O)[O-])c(N)c1,1
CCSCCSP(=O)(OC)OC,0
Cc1ccccc1C(=O)O,0
CC(C)=CC1C(C(=O)OCc2cccc(Oc3ccccc3)c2)C1(C)C,1
Brc1ccccc1,0
Cc1cc(N)c(S(=O)(=O)O)cc1Cl,0
Oc1ccc2cc(SSc3ccc4cc(O)ccc4c3)ccc2c1,0
CN(C)CCNC(=O)c1cccc2c1C(=O)c1ccccc1C2=O,1
Nc1snc2c(Cl)cc(Cl)cc12,1
ClCC1(C(Cl)Cl)C2CC(Cl)(Cl)C1(C(Cl)Cl)CC2(Cl)Cl,0
Cc1cc(O)c2c(c1)C(=O)c1c(c(O)cc(O)c1-c1c(O)cc(O)c3c1C(=O)c1cc(C)cc(O)c1C3=O)C2=O,0
COCCl,0
O=NN1CCOCC1,1
Nc1ccc(Oc2cccc(Oc3ccc(N)cc3)c2)cc1,1
Nc1ccc(Nc2ccccc2)cc1,0
C=C(C)C(=O)OCCCCC,0
O=C(O)c1ccccc1,0
Nc1ncnc2c1ncn2Cc1ccc([N+](=O)[O-])cc1,1
c1cc2c3c(c1)ccc1cccc(c13)C2,1
Fc1ccccc1-c1ccccc1,0
Clc1ccc(-c2ccc(Cl)c(Cl)c2Cl)cc1Cl,0
CC(C)=CCc1ccc(O)c2c(=O)c3c(O)c4c(cc3oc12)OC1OC=CC41O,1
CC1COCc2cc3c(cc21)C(C)(C)C(C)C3(C)C,0
Cc1cccc(Nc2cc(Cl)nc(SCC(=O)O)n2)c1C,0
Nc1ccc2ccccc2c1N=Nc1ccc([N+](=O)[O-])cc1,1
COc1cccc2c1C(=O)c1c(O)c3c(c(O)c1C2=O)CC(O)(C(=O)CO)CC3OC1CC(N)C(O)C(C)O1,1
Oc1ccc(Cc2ccccc2O)cc1,0
COC(C)CCO,0
CC(=O)N(O)c1ccc(Oc2ccccc2)cc1,1
CC(C)(c1ccc(OP(O)O)cc1)c1ccc(OP(O)O)cc1,0
CCCCCCCC(=O)Cl,1
CC(C)(C)C(Br)C(=O)Nc1ccccc1,0
CCN(CC)CCNc1ccc2nc(C)n3c4ccc(O)cc4c(=O)c1c23,1
CCNC(=O)Nc1ncc([N+](=O)[O-])s1,1
COc1ccc(O)c2c(=O)c3c(OC)cc4c(c3oc12)[C@@H]1C=CO[C@H]1O4,1
O=[N+]([O-])c1cc2c(cc1Cl)Oc1cc(Cl)c(Cl)cc1O2,1
C=C(C)C(=O)OC,0
O=C1C=C[C@]2(O)c3c(ccc(O)c31)-c1ccc(O)c3c1[C@H]2[C@H]1O[C@H]1C3=O,1
COC(N)=O,0
Cc1cc(C)n(-c2[nH]nc(NN)c3c4ccccc4nc2-3)n1,0
Fc1cnc2ccc3cccnc3c2c1,1
O=C(NC(S)c1nc2ccccc2s1)NC(S)c1nc2ccccc2s1,1
Cc1c2ccccc2c(CBr)c2ccccc12,1
Nc1cccc2cc3c(nc12)CCCC3,1
C=CC(=O)OC,0
CC(=O)Nc1c(O)cc2c3c(cccc13)-c1ccccc1-2,1
OC1C=Cc2c(cc3ccc4cccc5ccc2c3c45)C1,1
O=[N+]([O-])c1ccc2c3c(cccc13)-c1ccc(O)cc1-2,1
O=[N+]([O-])c1c2c(cc3ccccc13)C=CC(O)C2O,0
Cc1ccc(N=Nc2c(O)c(C(=O)O)cc3ccccc23)c(S(=O)(=O)O)c1,0
CN=C1C=CC(=C(c2ccc(N(C)C)cc2)c2ccc(N(C)C)cc2)C=C1,0
CCCCN(COC(C)=O)N=O,1
c1ccc2c3c4c(cc5ccccc5c4cc2c1)C1=C3CCCC1,1
NP(=O)(OCCC(=O)O)N(CCCl)CCCl,1
Nc1c(O)cc(Cc2cc(Cl)c(N)c(OS(=O)(=O)O)c2)cc1Cl,0
C1CSCCO1,0
Cc1ccccc1N,1
O=C1c2ccccc2-c2ccccc21,0
C1CCCC2OC2CC1,0
C1=Cc2ccc3nc4ccc5ccccc5c4cc3c2CC1,1
CS(=O)(=O)Nc1ccc(Nc2c3ccc(N=[N+]=[N-])cc3nc3ccc(N=[N+]=[N-])cc23)cc1,0
CN(C)CCN(Cc1ccccc1)c1ccccn1,0
C/C=C(\Cl)C1=CC(=O)C23CC2C(C)(C)OC3(O)C1=O,1
CN(Cc1cnc2nc(N)nc(N)c2n1)c1ccc(C(=O)NC(CCC(=O)O)C(=O)O)cc1,0
CCNc1ccccc1,0
Nc1ccccc1SCCSc1ccccc1N,1
O=C(NO)c1ccccc1O,1
Nc1c(O)cccc1[N+](=O)[O-],0
CC(C)(C)c1ccc(/C=C/c2ccc(N)cc2)cc1,0
O=C(O)C[C@H](C(=O)O)[C@@H](CC(=O)O)C(=O)O,1
c1cc2c3c(cccc3c1)CC2,0
CN(C)CCCNc1c2ccccc2nc2c(N(CCO)CCO)ccc([N+](=O)[O-])c12,1
CCCCOc1ccc(N=O)cc1,1
Cc1cc(S(=O)(=O)O)c(N)cc1Cl,1
COC(=O)C1=CCCN(C)C1,1
CNC(=O)ON,1
C=CC(=O)O,0
O=C(O)CC(=O)O,0
CCCCC=O,0
O=Nc1ccccc1-c1ccccc1,1
CN(c1nccc(O)n1)C1CCN(c2nc3ccccc3n2Cc2ccc(F)cc2)CC1,0
CSC(C)(C)C(=O)NC(CS)C(=O)O,0
C[n+]1ccc(-c2cc[n+](C)cc2)cc1,0
[N-]=[N+]=NCC(O)C(O)C(O)C(O)C=O,1
CCCCCNc1snc2ccccc12,0
CCCCCCCCCCCC(=O)OOC(=O)CCCCCCCCCCC,0
Cc1ccc([N+](=O)[O-])cc1S(=O)(=O)O,0
O=[N+]([O-])c1cccc(S(=O)(=O)O)c1,0
COc1ccc(O)c(C(C)(C)C)c1,0
O=C1c2ccc([N+](=O)[O-])cc2C(=O)N1CCl,1
CC(=O)c1cc2c(cc1C)C(C)(C)C(C)CC2(C)C,0
OCc1cc2ccc3cccc4ccc(c1)c2c34,1
CCCCON(OC(C)=O)C(=O)c1ccc(-c2ccccc2)cc1,1
C#C[C@]1(O)CC[C@@H]2[C@@H]3CCC4=C(CCC(=O)C4)[C@H]3CC[C@@]21C,0
N#Cc1ccccc1C#N,0
CC(=O)Nc1cc(N=[N+]([O-])c2ccc(C)c(NC(C)=O)c2)ccc1C,0
CC1=C(C(=O)OC(C)C)C(c2cccc([N+](=O)[O-])c2)C(=C(O)OC2CN(C(c3ccccc3)c3ccccc3)C2)C(N)=N1,0
c1cc(-c2cc3ccc(C4=NCCN4)cc3[nH]2)ccc1C1=NCCN1,0
CC1CC2c3cccc4[nH]cc(c34)CC2N(C)C1,1
C=CC(=O)OCCCCCC,0
CN(C)N=Nc1ccc(C(=O)O)cc1,0
ClC(Cl)(Cl)c1ccccc1,1
CCCCCCCC/C=C/CCCCCCCCCCCC(=O)NCCCCCCCCCCCCCCCCCC,0
CC1(C)OC1COc1c2occc2cc2ccc(=O)oc12,0
CCC(CC)[N+](=O)[O-],0
CCCC(=O)/N=c1\sn(C(=O)CCC)c2ccc([N+](=O)[O-])cc12,1
Cc1ccc(C#N)cc1,0
O=[N+]([O-])c1ccc2ccc3ccc([N+](=O)[O-])c4c5ccccc5c1c2c34,0
COc1nsc2cc(OCC3CO3)ccc12,1
O=C(O)c1c(Cl)c(Cl)c(Cl)c2oc3c(Br)c(O)c(Br)cc3c(=O)c12,0
CCCCN(N=O)C(=N)N[N+](=O)[O-],1
CCCON=O,1
CN(C)S(=O)(=O)N(SC(F)(Cl)Cl)c1ccccc1,0
OC1C2=C(C3OC3C1O)C1c3cccc4cccc(c34)C1C=C2,1
O=C1OC(=O)c2c(Cl)c(Cl)c(Cl)c(Cl)c21,0
c1ccc2c(c1)ccc1ccc3c(c12)CCC3,1
N#CCCN,0
Clc1cccc2oc3ccccc3c12,0
C[C@@H]1C=Cc2c1ccc1c2ccc2ccccc21,1
CCCCC,0
Cc1cccc(O)c1,0
CCCC(=O)OCc1ccccc1[N+](=O)[O-],0
BrCc1ccccc1,1
[N-]=[N+]=NCCC(N)C(=O)O,1
COc1ccc2oc([N+](=O)[O-])cc2c1N(CCCl)CCCl,1
CC(C)CCOC(=O)/C=C\c1ccccc1,0
FC(F)(F)c1ccccc1Cl,0
Cc1ccc(S(=O)(=O)NN)cc1,1
FC(F)C(F)(F)F,0
Cc1ccccc1S(N)(=O)=O,0
Cc1cnc(S)nc1O,0
O=[N+]([O-])c1ccc(Cl)c([N+](=O)[O-])c1,1
c1cc2ccc3cncc4ccc(c1)c2c34,1
O=C1NC(=O)C(Cl)(Cl)C1=C(Cl)Cl,1
c1ccc2cc3c(ccc4cccnc43)cc2c1,1
CC(C)N(C(=O)SCC(Cl)=C(Cl)Cl)C(C)C,1
Cc1ccc(N)c(C)c1,1
CN(C[C@H](O)CO)N=O,1
CC(C)(C)NCC(O)c1cc(Cl)c(N)c(C(F)(F)F)c1,0
O=C1C(Cl)=C(Cl)C(=O)C(Cl)=C1Cl,1
C=CC(=O)OCC(CC)(COC(=O)C=C)COC(=O)C=C,1
CC1(C(=O)O)CCCC2(C)C3CCC4(O)CC3(CCC12)CC41CO1,0
O[C@H]1C=Cc2c(ccc3c2-c2cccc4cccc-3c24)[C@@H]1O,1
Cc1ccc2c(c1)C(C)C1C(=Nc3ccccc31)N2C,1
O=C(O)/C=C/c1ccc(Cl)cc1,0
CCc1ccc([N+](=O)[O-])cc1,0
NC(=O)CCCCC(N)=O,0
O=[N+]([O-])c1cccc2c1ccc1cccc([N+](=O)[O-])c12,1
CCCCOC(=O)c1ccccc1C(=O)OCCCC,0
O=C(O)C1Cc2c([nH]c3ccccc23)CN1,0
CC(C)CC(NC(=O)C(Cc1ccccc1)NC(=O)CNC(=O)CN)C(=O)O,0
NC(CS/C(Cl)=C(\Cl)C(Cl)(Cl)Cl)C(=O)O,1
O=C(ON(OCc1ccccc1)C(=O)c1ccccc1)c1ccc([N+](=O)[O-])cc1,1
COc1cccc(N)c1,1
CCCNC(=O)/C=C/c1ccc([N+](=O)[O-])o1,1
O=P1(Oc2ccccc2)OCc2ccccc2O1,1
Cc1cc(-c2ccc(N=Nc3c(S(=O)(=O)O)cc4cc(S(=O)(=O)O)cc(O)c4c3O)c(C)c2)ccc1N=Nc1c(S(=O)(=O)O)cc2cc(S(=O)(=O)O)cc(O)c2c1O,0
CN(C)c1ccc(N=O)cc1,1
CN(C)N=Nc1ccc(Br)cc1,1
C=C(C)C(=O)OC(C)(C)C,0
CCc1ccccc1,0
Nc1nc(O)c2nc(O)n(C3OC(CO)C(O)C3O)c2n1,0
Nc1ccc2c3c(cccc13)-c1ccccc1-2,1
CNCc1ccc(CSCCN=C(NC[C@H](O)c2ccc(O)cc2)NS(C)(=O)=O)o1,0
N#Cc1cc([N+](=O)[O-])ccc1N,1
Cc1cccc(N)c1N,1
CCOC(=O)C[C@H](SP(=S)(OC)OC)C(=O)OCC,0
Nc1cccc2cccnc12,1
CC(=O)C(N=Nc1ccc(-c2ccc(N=NC(C(C)=O)C(=O)Nc3ccc(C)cc3C)c(Cl)c2)cc1Cl)C(=O)Nc1ccc(C)cc1C,0
N#CCCNCCC#N,0
CC(C)C=O,0
Nc1nc2cc(Cl)c(Cl)cc2s1,0
C=Cc1ccc(OC)cc1,0
CCC(=O)OCC(=O)C1(OC(=O)CC)C(C)CC2C3C(Cl)CC4=CC(=O)C=CC4(C)C3C(O)CC21C,0
Clc1ccnc2ccccc12,1
COC1=CC(=O)c2c3nc4ccncc4c-3c[nH]c2C1=O,1
O=C1OCC(CCl)=C1Br,1
CN1CCN(C2=Nc3ccccc3Oc3ccc(Cl)cc32)CC1,0
COc1cc2c3c(c1)Oc1c(OC)c(OC)cc4c1[C@H](Cc1ccc(OC)c(c1)Oc1ccc(cc1)C[C@@H]3N(C)CC2)N(C)CC4,1
CN1CCN(c2ccc3[nH]c(-c4ccc5[nH]c(-c6ccc(O)cc6)nc5c4)nc3c2)CC1,0
O=C1C=C(S(=O)(=O)O)c2ccccc2C1=O,1
Cc1ccc(S(=O)(=O)NC(=O)Nc2ncc([N+](=O)[O-])s2)cc1,0
N=C(N)S(=O)O,0
Cc1c([N+](=O)[O-])ccc2ccccc12,1
CC(=O)ON(OCc1ccc(Br)cc1)C(=O)c1ccccc1,1
C[PH]1(C)N[PH](C)(C)N[PH](C)(C)N1,0
C=CCOC(=O)COCCC(C)C,0
Cl[C@H]1[C@H](Cl)[C@H](Cl)[C@H](Cl)[C@@H](Cl)[C@H]1Cl,0
OC1c2ccc3cc4ccc5ccccc5c4nc3c2C2OC2C1O,1
C[C@]12CC[C@H]3c4ccc(O)cc4CC[C@H]3[C@H]1CC[C@@H]2O,0
CC(C)Nc1nc(Cl)nc(NC(C)C)n1,0
CNC(=O)CSP(=S)(OC)OC,1
CC[N+]([O-])(CC)CCNc1ccc(CO)c2sc3ccccc3c(=O)c12,1
COc1cc2c(c3c(C)cc4ccccc4c13)CCC2=O,1
CCOc1ccccc1C(N)=O,0
O=S(=O)(O)c1ccc2cc(Oc3ccc4cc(S(=O)(=O)O)ccc4c3)ccc2c1,0
CS(=O)c1ccc(Cl)cc1,0
CCCCCCCC/C=C\CCCCCCCCN,1
NCCCNCCCN,0
NCCNCCO,1
COC(=O)[C@]12O[C@@]1(C)[C@](O)(C(C)C)NC2=O,1
CCOS(=O)(=O)OCC,1
COc1cc(O)c2c(c1)Cc1cc(C)cc(O)c1C2=O,1
C#C[C@@]1(O)CC[C@H]2[C@@H]3CCC4=CC(=O)CC[C@@H]4[C@H]3CC[C@@]21CC,0
Cc1ccc(OC[C@H]2CO2)cc1,1
O=[N+]([O-])c1ccc2c(c1)c([N+](=O)[O-])cc1ccccc12,1
CC1=CC(=O)c2ccccc2C1=O,1
CCCCCCCCc1ccc(Nc2ccc(CCCCCCCC)cc2)cc1,0
Cc1ccc(Cl)cc1[N+](=O)[O-],0
O=C(c1ccc2c(c1)OCO2)[C@@H]1CO1,1
CCCC(=O)OC1CCCCC1,0
C=C1CCC2C(c3c(C)c(O)c4c(c31)C(=O)C(C)C4)C2(C)C,0
CCC1(O)CC(OC2CC(N(C)C)C(OC3CC(O)C(O)C(C)O3)C(C)O2)c2c(cc3c(c2O)C(=O)c2c(O)ccc(O)c2C3=O)C1C(=O)OC,1
CCCCCCCCC=O,0
CS(=N)(=O)CCC(N)C(=O)O,0
COc1ccccc1NCSC,1
O=Cc1cccc(Cl)c1,0
CCC1=C(c2ccc(O)cc2)C(C)c2cc(O)ccc21,0
CCCCCCCCn1sccc1=O,0
CC(=O)Oc1c(C)c(C)c2c(c1C)CCC(C)(CCCC(C)CCCC(C)CCCC(C)C)O2,0
COc1ccc(CCC(=O)c2c(O)cc(O[C@@H]3O[C@H](CO)[C@@H](O)[C@H](O)[C@H]3O[C@@H]3O[C@@H](C)[C@H](O)[C@@H](O)[C@H]3O)cc2O)cc1O,0
c1ccc2cnncc2c1,0
O=S(=O)(O)OCc1c2ccccc2c2ccc3cccc4ccc1c2c43,1
O=CC(=O)c1ccccc1,1
O=[N+]([O-])c1cc(-c2ccc(O)c([N+](=O)[O-])c2)ccc1O,0
O=C(OCc1cccc([N+](=O)[O-])c1)c1ccccc1,0
COC(=O)/C(C#N)=C/c1ccccc1Br,0
O=[N+]([O-])c1ccc2c(c1)oc1ccc([N+](=O)[O-])cc12,1
Cc1c(N=[N+]([O-])c2cc([N+](=O)[O-])cc([N+](=O)[O-])c2C)cc([N+](=O)[O-])cc1[N+](=O)[O-],1
C1CSCN1,1
O=Nn1cc(CCO)c2ccccc21,1
Cc1cccc(CN(C)N=O)c1,1
CC(C)(CO)CO,0
O=c1[nH]c(=O)n(Cl)c(=O)n1Cl,0
COC(=O)/C(C#N)=C/c1ccco1,0
COc1cc(-c2cc(OC)cc(C(C)(C)C)c2O)c(O)c(C(C)(C)C)c1,0
Nc1ccc(C(=O)O)cc1,0
COC(=O)Nc1cccc(OC(=O)Nc2cccc(C)c2)c1,1
O=C(O)/C=C/c1ccccc1,0
N#Cc1cccc([N+](=O)[O-])c1,1
COc1cc2c3c(cc4cc5c(cc4c3c1OC)OCO5)N(C)CC2,0
CC(C)C(C(=O)OC(C#N)c1cccc(Oc2ccccc2)c1)c1ccc(Cl)cc1,0
CCN(CC)c1ccc([N+](=O)[O-])cc1,1
CCCCON(OC(C)=O)C(=O)c1ccc(C(C)(C)C)cc1,1
C/C=C(\C)CCl,1
COc1cc(CC2CO2)ccc1O,1
Cc1c2ccccc2cc2c3c(ccc12)C(O)C(O)C1OC31,1
COCCO,0
Fc1cc2ccccc2c2ncccc12,1
Cc1ccc2cc3c(ccc4ccccc43)c3c2c1CC3,1
CC1(c2ccc(C#N)cc2)CO1,1
Cc1ccc(NCCO)cc1O,0
c1ccc2c(c1)COC2,1
N#C/C(=C\C=C\c1ccccc1)c1ccc(F)cc1,1
COc1ccn(CC(O)CN=[N+]=[N-])c(=O)n1,1
O=[N+]([O-])c1ccc(Oc2ccc(N=C=S)cc2)cc1,1
CC(C)C(C)C,0
c1ccc2nc3c4ccccc4c4ccccc4c3cc2c1,1
O=c1[nH]c(=O)n([C@H]2C[C@H](O)[C@@H](CO)O2)cc1C(F)(F)F,1
CNc1ccccc1,0
O=C(O)C(=O)C(=O)O,0
c1ccc2c(c1)cc1c3c2ccc2cccc(c23)C1,1
CC(=O)Oc1ccc2c(c1)OC1(C)OOC21C,1
CCOc1ccc(NC(C)=O)cc1[N+](=O)[O-],1
C/C=C1\C[C@@H]2C=C[C@H]1C2,0
O=[N+]([O-])c1ccc2ccc3c4c(cc5ccc1c2c53)C=CCC4,1
Nc1ncnc2c1nc(-c1ccc([N+](=O)[O-])cc1)n2-c1ccc([N+](=O)[O-])cc1,1
ON=C1CCCCC1,1
COC1=CC(=O)c2c3nc4ccccc4c-3c[nH]c2C1=O,1
N=C(N)NNc1ccc(N=NC(N)=S)cc1,1
CCc1c2ccccc2cc2c1ccc1ccccc12,1
Cc1cnc2c(ccc3c2nc(N)n3C)n1,1
C=C(Br)C=O,1
O=[N+]([O-])c1ccnc2ccccc12,1
Cn1c(N)nc2nc3ncccc3cc21,0
CN1CCC23c4c5ccc(O)c4OC2C(O)C=CC3C1C5,0
Oc1ccc2ccc3[nH]c4ccc5ccccc5c4c3c2c1,1
CCCCCCCCCCO,0
O=[N+]([O-])c1ccc(-c2ccccc2[N+](=O)[O-])c([N+](=O)[O-])c1,1
Cc1cccc(C(=O)Cl)c1,1
O=c1[nH]c(=O)n(C2CC(O)C(CO)O2)cc1CCCl,1
Nc1cccc2cnsc12,1
COc1c2ccccc2[n+]([O-])c2occc12,0
COc1cc2c(c3oc4cccc(O)c4c(=O)c13)[C@@H]1C=CO[C@H]1O2,1
CCCCCCCCCCCCCCCCCC[N+](C)(C)CCCCCCCCCCCCCCCCCC,0
CC1(C)CCC2(C(=O)O)CCC3(C)C(=CCC4C5(C)CC(O)C(OC6OC(CO)C(O)C(O)C6O)C(C)(C(=O)O)C5CCC43C)C2C1,0
O=C(O)CCC(=O)Nc1ccc(Cl)cc1,0
OC(Cn1ccnc1)c1ccc(CCc2ccccc2)cc1,0
CCCCOP(=O)(OCCCC)OCCCC,0
COC(=O)/C(C#N)=C/c1ccc(Br)o1,0
CC(C)(CO)C(O)C(=O)NCCC(=O)O,0
ClCc1ccc2ccc3cccc4ccc1c2c34,1
O=[N+]([O-])c1ccc2ccc3c4c(cc5ccc1c2c53)[C@@H](O)[C@H](O)C=C4,1
c1ccc2nccnc2c1,1
N#CC1=Cc2cccc3cccc1c23,1
CN1CCc2cc3c(c4c2C1Cc1ccccc1-4)OCO3,1
C=C1CCC2CC1C2(C)C,0
N=C(N)NS(=O)(=O)c1ccc(N)cc1,0
CN(C)c1ccc(N=Nc2ccc(N(C)C)cc2)cc1,0
CC(C)CCCC(C)C1CCC2C3CC4OC45CC(O)CCC5(C)C3CCC12C,1
Nc1cc([N+](=O)[O-])c(-c2ccccc2)c([N+](=O)[O-])c1,1
OCCBr,1
CC(C)CCCC(C)C1CCC2C3C(OO)C=C4CC(O)CCC4(C)C3CCC12C,1
C[C@@H](O)CN(C)c1ccc(NN)nn1,1
Oc1ccc(-c2ccccc2)cc1,1
CC(=O)/C=C\C1=C(C)CCCC1(C)C,0
COc1cccc2c1C(=O)c1c(O)c3c(c(O)c1C2=O)C[C@@](O)(C(C)=O)C[C@@H]3O[C@H]1C[C@H](N(C)C)[C@@H](O)[C@H](C)O1,1
COc1cc([N+](=O)[O-])ccc1N,1
C/C=C1/C[C@H](C)[C@](O)(CO)C(=O)OCC2=CC[N@@+]3([O-])CC[C@@H](OC1=O)[C@@H]23,0
COC1(NC(=O)CSCC(N)C(=O)O)C(=O)N2C(C(=O)O)=C(CSc3nnnn3C)CSC21,0
CN(C)CCCN1C=CN(C)C1/C=N/O,0
CC12OOC1(C)c1c(ccc3ccccc13)O2,0
CN(C)CCNC(=O)c1cccc2nc(-c3ccccc3)oc12,0
OCCCCl,1
O=C(O)COc1ccc(C(=O)c2cccs2)c(Cl)c1Cl,0
CC(=O)OC[C@H](O)CO,1
COCC(=O)O,0
O=Nc1c(O)ccc2ccccc12,0
Cc1c(N)cccc1N=Nc1cccc(N)c1C,1
O=[N+]([O-])c1ccc(O)c([N+](=O)[O-])c1,0
Clc1ccc(C(Cl)(Cl)Cl)cc1,1
CC(=O)c1ccc([N+](=O)[O-])[nH]1,1
[N-]=[N+]=NCC(O)Cn1ncc2c(N)ncnc21,1
NC(=O)c1cnccn1,0
OC1c2ccc3ccccc3c2C2OC2C1O,1
C=CC(=O)OCCOCCOCCOCCOC(=O)C=C,0
O=C1CCC(=O)N1c1cc(Cl)c(Cl)c(Cl)c1,0
CSc1cc(SC)c(N)c(C)c1N,1
CCN(N)c1ccccc1,1
CCOCCOCCOCC,0
COP(=S)(NC(C)C)Oc1ccccc1C(=O)OC(C)C,0
CC(C)(C)OOC(C)(C)C,0
CC(=O)Nc1ccc(S(=O)(=O)c2ccc(NC(C)=O)cc2)cc1,0
Nc1cc2c3c(ccc2c2ccccc12)[C@@H](O)[C@H](O)C=C3,1
N/C(=N\OS(=O)(=O)O)c1ccccc1,0
ClCc1cc2cccc3ccc4c5ccccc5cc1c4c32,1
O=C(O)C1=C[C@@H](O)[C@H](O)[C@@H](O)C1,0
Cc1ccc2c(c1)C(C)c1cc(C)ccc1-2,0
CC(=O)OC1Cc2ccc3ccc4cccc5cc1c2c3c45,1
CC(=O)Nc1ccc(N=Nc2cc(C)ccc2O)cc1,1
CNC(=O)NOC(=O)NC,1
O=S1(=O)CCCO1,1
Cn1c(N)nc2c3cnccc3ccc21,1
O=C1OC(O)C(C(Cl)Br)=C1Cl,1
Cc1ccc(CN2C3c4ccccc4-c4ccccc4C32)cc1,1
Nc1ccc(Sc2ccccc2)cc1,1
CC(=O)N(O)c1ccc2ccccc2c1,1
CNC(=O)/C=C/c1ccc([N+](=O)[O-])o1,1
O=[N+]([O-])c1ccc2ccc3c4ccccc4c([N+](=O)[O-])c4ccc1c2c43,1
O=[N+]([O-])c1ccc2c(c1)oc1ccccc12,1
CCCCCC(N)=O,0
CNc1ccc2nccnc2c1C,1
O=C(/C=C/c1ccc(-c2ccccc2)cc1)c1ccccc1,0
Cc1c(Cl)cnc2ccccc12,0
O=C(Nc1nc(-c2ccc([N+](=O)[O-])o2)cs1)C(F)(F)F,1
CS(=O)(=O)OCCCCOS(C)(=O)=O,1
CC(C)(C)NC(=O)/C=C/c1ccc([N+](=O)[O-])o1,1
CCOC[C@H]1CO1,1
C1=C[C@H]2O[C@H]2c2cc3ccc4cccc5ccc(c21)c3c45,1
O=S(=O)(c1ccc(Cl)cc1)c1ccc(Cl)cc1,0
COP(=O)(OC)OC,1
Cc1ccc2cc3c(ccc4ccccc43)c3c2c1C(O)C3,0
Cc1ccc2nsc(NC(=O)C(Cl)Cl)c2c1,1
ClCc1cccc(CCl)c1,0
O=C(Nc1ccccc1)Nc1snc2ccccc12,0
CCC(C)(C)c1cc(-n2nc3ccccc3n2)c(O)c(C(C)(C)CC)c1,0
C1CCC2OCCOCCOCCOCCOC3CCCCC3OCCOCCOCCOCCOC2C1,0
C/C=C/c1cc(OC)ccc1OC,0
O=C(O)c1cc(N=Nc2ccc(S(=O)(=O)Nc3ccccn3)cc2)ccc1O,0
c1cc2cnncc2cn1,0
C/C=C/CC,0
Oc1ccc2ccc3cc4ccccc4c4ccc1c2c34,1
C=C(C)C(=O)OCCCCCCOC(=O)C(=C)C,0
CC(=O)c1ccc2ccccc2c1,0
O=C(CCl)c1ccccc1,0
O=[N+]([O-])c1cccc2c1-c1cccc3c([N+](=O)[O-])ccc-2c13,1
O=C/C(=C(/Cl)C(=O)O)C(Cl)Cl,1
Nc1cccc2c(O)nnc(O)c12,0
CCC(=O)Nc1snc2ccc(C)cc12,0
Nc1nc(=O)n(C2OC(CO)C(O)C2O)cc1O,0
Nc1ccc(/C=C\c2ccc(N)cc2S(=O)(=O)O)c(S(=O)(=O)O)c1,0
COc1ccc(C(Cl)=C(c2ccc(OC)cc2)c2ccc(OC)cc2)cc1,0
CC(C)Oc1ccccc1OC(=O)N(C)N=O,1
O=[N+]([O-])c1ccc2c3c(c(O)ccc13)-c1ccccc1-2,1
CC1=CC[C@@H]2C(C)=CC[C@@H](C(C)C)[C@H]2C1,0
CN(N=O)c1ccccc1,1
CN(C)CCNC(=O)c1cccc2oc(-c3ccccc3)nc12,0
CCCC[C@@H](CC)COC(=O)c1ccc(N(C)C)c([N+](=O)[O-])c1,1
O=C(NC(=O)c1c(F)cccc1F)Nc1ccc(Cl)cc1,0
NC(CCC(=O)NC(CSC(=O)NCCCl)C(=O)NCC(=O)O)C(=O)O,1
c1cc2ccc3cc4ccoc4c4ccc(c1)c2c34,1
Nc1ccc(-c2ccc(-c3ccc(N)cc3)cc2)cc1,1
COc1cc(-c2oc3cc(O)cc(O)c3c(=O)c2O)ccc1O,0
C[Si](C)(C)O[Si](C)(C)C,0
CCCCCCCCCCCCCCCCCC(N)=O,0
Cc1cnc2ccc3c(nc(NC4OC(C(=O)O)C(O)C(O)C4O)n3C)c2n1,0
CC[Si](Cl)(Cl)CC,0
Cc1ccc(S(=O)(=O)OCc2ccccc2)cc1,0
Cc1c(O)cc([N+](=O)[O-])cc1[N+](=O)[O-],0
CC(=O)Nc1ccc(OC(=O)c2ccccc2OC(C)=O)cc1,0
COc1cc2c(c3oc(=O)c4c(c13)CCOC4=O)C1C=COC1O2,1
CC(C)CCCC(C)C1CCC2C3CC4N(N5C(=O)c6ccccc6C5=O)C45CC(Cl)CCC5(C)C3CCC12C,0
COc1cc2c3c(cc4ccccc4c3c1OC)N(C=O)CC2,1
C1CCCCCC2OC2CCCC1,0
CN(C)c1ccc(CCO)cc1,1
O=c1c2c(O)cccc2oc2cc3c(c(O)c12)C1CCOC1O3,0
CCN(CCCl)c1ccc(OCCCCCNc2c3ccccc3nc3ccccc23)cc1,1
CC(=O)OCc1c2ccccc2cc2ccc3ccccc3c12,1
O=C(O)c1cc(O)c2cccc(O)c2n1,0
CN1CCCC1=O,0
O=[N+]([O-])c1cccc([N+](=O)[O-])c1O,0
CC(C)(O)C#N,0
CC(C)C[C@@H](C)N,0
NCCc1c[nH]cn1,0
CN(C)NC(=O)CCC(=O)O,0
Oc1ccc2c(O)cccc2c1,1
Cc1cc(-c2ccc(N=Nc3ccc4c(S(=O)(=O)O)cc(S(=O)(=O)O)c(N)c4c3O)c(C)c2)ccc1N=Nc1ccc2c(S(=O)(=O)O)cc(S(=O)(=O)O)c(N)c2c1O,1
CCOC(=O)N(CCC=O)N=O,1
CCOC(C)C(=O)C(O)O,1
C=CC(=O)OCC(C)O,0
OC1C=Cc2c(cc3c(ccc4ccccc43)c2Br)C1O,0
Oc1ccc(Nc2ccc3ccccc3c2)cc1,0
COc1ccc(OC)c(N=Nc2c(O)ccc3ccccc23)c1,1
C[C@H]1CCC[C@@H](O)CCCCCc2cc(O)cc(O)c2C(=O)O1,0
O=[N+]([O-])c1cccc2cccc([N+](=O)[O-])c12,1
C=CC[C@]1([C@H](C)C#CCC)C(=O)NC(=O)N(C)C1=O,0
CC(=O)ON(OCc1ccc(C)cc1)C(=O)c1ccccc1,1
Cn1c([N+](=O)[O-])nc2c3cccnc3ccc21,1
CC(=O)Nc1ccc2c(c1O)Cc1ccccc1-2,0
CSCCC(NC(=O)COc1ccc(Cl)cc1Cl)C(=O)O,0
COc1ccc(C(=C(C#N)CCC(=O)O)c2ccc(OC)cc2)cc1,0
COc1ccc(CC2CO2)cc1OC,1
O=[N+]([O-])c1ccccc1SS/C(Cl)=C(\Cl)C(Cl)=C(Cl)Cl,1
CC(=O)c1ccc2c(c1)CN1C(=O)c3ccccc3C1=N2,1
O=C(C1CCCCC1)N1CC(=O)N2CCc3ccccc3[C@H]2C1,0
CC1c2cc(F)ccc2-c2ccc(F)cc21,1
Nc1ccc2ccc3ccccc3c2c1,1
CC(=O)ON(OCc1ccc(-c2ccccc2)cc1)C(=O)c1ccccc1,1
c1ccc(O[Si](Oc2ccccc2)(Oc2ccccc2)Oc2ccccc2)cc1,0
COc1ccc(-c2oc3ccccc3c(=O)c2[N+](=O)[O-])cc1[N+](=O)[O-],1
CCCOS(C)(=O)=O,1
Cc1c(N)cccc1[N+](=O)[O-],1
Nc1cnc2ccccc2c1,1
O=C(O)CCCCC1SCC2NC(=O)NC21,0
CC(C)(C)OOC(=O)c1ccccc1,1
CC(=O)C1(c2ccccc2)CCNCC1,0
NCCCCC(N)C(=O)NC(Cc1c[nH]c2ccccc12)C(=O)NC(CCCCN)C(=O)O,0
O=c1n(Cl)c(=O)n(Cl)c(=O)n1Cl,0
CC1CC2c3cc(Br)cc4c3c(cn4CC3CC3)CC2N(C)C1,0
Cn1cnc2c3cccnc3ccc21,1
Clc1ccc(CN2C3c4ccccc4-c4ccccc4C32)cc1,1
Nc1cc([N+](=O)[O-])ccc1-c1ccc([N+](=O)[O-])cc1,1
C=C,0
Cc1ccc2nc(-c3ccc(N)cc3)sc2c1S(=O)(=O)O,1
O=C1N(CO)[C@H](O)[C@@H](O)N1CO,1
O=[N+]([O-])c1cccc(-c2ccc(O)c([N+](=O)[O-])c2)c1,1
Nc1cccc(N)c1C(=O)O,1
Oc1ccc2c3ccccc3c3cc4ccccc4cc3c2c1,1
Cc1ccc(Br)cc1,0
CC(O)CN1CC(C)OC1=O,0
CCNS(=O)(=O)c1ccccc1C,1
Nc1ccc2ccccc2c1N=Nc1ccccc1,0
Clc1ccc2ncccc2c1,1
CC(=O)O[C@@H](c1ccc2c(c1)OCO2)[C@@H]1CO1,1
C=CC(=O)OCCCC,0
CCOP(=S)(OCC)Oc1nc(Cl)c(Cl)cc1Cl,0
Cc1cc(=O)oc2cc(O)cc(O)c12,0
Cc1c(O)cc2c(c1O)C(=O)c1ccccc1C2=O,1
Nc1c2ncn(C(c3ccccc3)(c3ccccc3)c3ccccc3)c2nc[n+]1[O-],1
O=C1CN(/N=C/C=C/c2ccc([N+](=O)[O-])o2)C(=O)N1,1
ONc1ccc(Sc2ccccc2)cc1,1
C1COCCOCCOCCO1,0
BrCc1c2ccccc2cc2ccccc12,1
O=[N+]([O-])c1ccc2ccc3ccc([N+](=O)[O-])c4ccc1c2c34,1
C=CC(=O)NCCCN(C)C,0
Nc1cccc2nc3ccccc3c(N)c12,1
O=Nc1ccc2ccc3c([N+](=O)[O-])ccc4ccc1c2c43,1
Nc1ccc([N+](=O)[O-])cc1,1
COc1ccccc1NC(=O)C(N=Nc1ccc(-c2ccc(N=NC(C(C)=O)C(=O)Nc3ccccc3OC)c(Cl)c2)cc1Cl)C(C)=O,0
Clc1cccc(Cl)c1,0
CCc1c2ccccc2cc2ccc3ccccc3c12,0
CC(=O)NCCc1ccc(O)c(-c2c(O)c(O)c3c(c2O)C(=O)c2c(cc(O)c(C(=O)O)c2C(=O)O)C3=O)c1,0
Nc1ccc(-c2ccc(N)c(O)c2)cc1O,1
CS(=O)(=O)OC1CN(C(c2ccccc2)c2ccccc2)C1,1
NCCS,0
CC(=O)N(C)c1ccc(N=Nc2ccc(N(C)C(C)=O)cc2)cc1,0
C[n+]1c2ccccc2nc2ccccc21,1
CC(C)(N=O)[N+](=O)[O-],1
C1CCCNCC1,0
Cc1cccc(Br)c1,0
Oc1ccc(Cl)cc1Cc1ccccc1,0
COc1ccc(N)cc1,1
CCOP(=O)(OCC)[C@@H](C)NC(=O)N(CCCl)N=O,1
O=[N+]([O-])c1ccc2[nH]c3c([N+](=O)[O-])cccc3c2c1,1
C[C@@H](O)C(=O)O,0
O=C(O)c1ccc(/C=N/n2nnc3c4ccccc4nc-3c2O)cc1,1
CCCCCCCCCCCCCCCCCC1=NCCN1CCO,0
Nc1cccc(-c2ccccc2)c1,1
O=C(NO)c1ccccc1,1
NCCN1CCNCC1,0
Cc1ccc(N(CCCl)CCCl)cc1,0
OC1C=Cc2c(c3ccccc3c3cc4ccccc4cc23)C1O,1
COC(=O)c1cc2ccc3cccnc3c2[nH]1,0
O=[N+]([O-])c1ccc2ccc3cccc4c5c(c1c2c34)CCCC5,1
Clc1cc(Cl)c(Cl)c(Cl)c1Cl,0
O=C(N/N=C/c1ccc([N+](=O)[O-])o1)c1ccc(O)cc1,1
CC(=O)Nc1ccc(C)c(N=[N+]([O-])c2cc(NC(C)=O)ccc2C)c1,0
C[C@H]1C(=O)O[C@H]2CCN3CC=C(COC(=O)[C@](C)(O)[C@]1(C)O)[C@H]23,0
CC(=O)Nc1ccc(Oc2ccc(N=O)cc2)cc1,1
C[N+]([O-])(CCCl)CCCl,1
Cc1ccc2[nH]nnc2c1,0
Cc1c(NO)cc(NO)cc1[N+](=O)[O-],1
CCOC(=O)c1[nH]c2ccccc2c1/N=C/c1ccc(C)cc1,0
c1ccc2c(c1)-c1cc3ccc4ccccc4c3cc1C1NC21,1
COC(=O)C1OC1c1ccccc1,1
CN(C)C1CCCCC1,0
CC(Br)C(=O)Nc1ccccc1,1
O=C(O)C1CSC(c2ccccc2O)N1C(=O)CCSSCCC(=O)N1C(C(=O)O)CSC1c1ccccc1O,0
CN1C[C@H](C(=O)N[C@@]2(C)O[C@]3(O)[C@H]4CCCN4C(=O)[C@@H](Cc4ccccc4)N3C2=O)C=C2c3cccc4[nH]cc(c34)C[C@@H]21,0
O=[N+]([O-])c1ccc2c(c1)Cc1ccccc1-2,1
CN1C(=O)C(O)CC1c1cccnc1,0
CC(=O)Nc1ccc(C(=O)/C=C/c2ccccc2)cc1,0
O=[N+]([O-])c1ccc2c3c(cccc13)-c1ccccc1-2,1
CCCCCCCCC,0
CCN(CC)C(=S)SSCC(NC(=O)CCC(N)C(=O)O)C(=O)NCC(=O)O,0
CC(=O)Oc1ccc(C(c2ccc(OC(C)=O)cc2)c2ccccn2)cc1,0
Cc1ccc(N=Nc2c(O)ccc3ccccc23)c(S(=O)(=O)O)c1,0
CNCCN(Cc1ccc(OC)cc1)c1ccccn1,0
CC/C=C/C=C/C=C/C=C/C=C/OCCC,1
COC[C@H](O)Cn1ccnc1[N+](=O)[O-],1
CCCCCCCCCCCOC(=O)c1ccccc1C(=O)OCCCCCCCCCCC,0
CC/C=C/C=C/C=C/C=C/C=C/OCC(O)CO,1
C=C(C)C(C)Cl,1
COc1c(C(=O)O)c(O)nc2ccccc12,0
CC(N)Cc1ccccc1,0
O=C1CCC(=O)O1,0
[O-][N+](=Nc1ccccc1)c1ccccc1,1
CC[C@@]1(O)C[C@H](O[C@H]2C[C@H](N(C)C)[C@H](O[C@H]3C[C@H](O)[C@H](O[C@@H]4O[C@@H](C)C(O)=CC4=N)[C@H](C)O3)[C@H](C)O2)c2c(cc3c(c2O)C(=O)c2c(O)ccc(O)c2C3=O)[C@H]1C(=O)OC,1
CC(C)(C)CNC(=O)/C=C/c1ccc([N+](=O)[O-])o1,1
Cc1cccc2ccccc12,0
CCOC(=O)C(N)CS,1
C1=C[C@@H]2c3ccccc3O[C@@H]2O1,1
Clc1ccc(C(c2ccc(Cl)cc2)C(Cl)(Cl)Cl)cc1,0
CS(=O)(=O)Nc1ccc(Nc2c3ccccc3nc3ccccc23)cc1,1
NC(N)=S,0
Nc1ccc(Cl)cc1N,1
COc1ccc2c(cc3c4c(cc5c(c42)OCO5)CCN3C)c1OC,1
O=c1c(O)c(-c2ccc(OCCO)c(OCCO)c2)oc2cc(OCCO)cc(O)c12,0
O=Nc1ccc(-c2ccccc2)cc1,1
C=CCN(CC=C)CC=C,0
O=C(Cl)C(Cl)Cl,1
COc1cc(OC)c2c(=O)c3cc(OC)ccc3oc2c1,1
CC(=O)c1ccccn1,0
CC(=O)ON(OCc1ccc([N+](=O)[O-])cc1)C(=O)c1ccccc1,1
Nc1cc(N)c(N=Nc2ccc(S(N)(=O)=O)cc2)cc1N=Nc1ccc(S(N)(=O)=O)cc1,1
COC(=O)C(C)CN=[N+]=[N-],1
c1ccc2c(c1)ccc1c3ccccc3c([C@@H]3CO3)cc21,1
O=NN1CCCCC1,1
CSCCC(=O)N1C(C(=O)O)CSC1c1ccccc1O,0
O=[N+]([O-])c1cc2c(ccc3cc(N(CCCl)CCCl)ccc32)o1,1
[N-]=[N+]=NCC1OC(O)C(O)C(O)C1O,1
FC(F)OC(Cl)C(F)(F)F,0
Nc1ccc(S(=O)(=O)O)cc1,0
O=c1c(Cl)c(Cl)cnn1S(=O)(=O)c1ccc(Cl)cc1,0
CCCCCCCCCc1ccc(O)cc1,0
COc1cc2c(cc1OC)CN(N=O)CC2,1
C/C=C/C(=O)OC1CC2OC3C=C(C)C(=O)CC3(C)C1(C)C21CO1,0
CC(=O)c1oc([N+](=O)[O-])c(-c2ccccc2)c1-c1ccccc1,1
CC1(C)CCC2(C(=O)O)CCC3(C)C(=CCC4C5(C)CC(O)C(O)C(C)(C(=O)O)C5CCC43C)C2C1,0
COc1ccc2oc3cc(O)cc(O)c3c(=O)c2c1,1
CCC(=O)Oc1ccc(/C(CC)=C(\CC)c2ccc(OC(=O)CC)cc2)cc1,0
NC(=O)/C=C/c1ccc([N+](=O)[O-])o1,1
CC1CCc2c(N3CCC(O)CC3)c(F)cc3c(=O)c(C(=O)O)cn1c23,0
CC(C)=CCC/C(C)=C\CC/C(C)=C\CC/C=C(/C)CC/C=C(/C)CCC=C(C)C,0
Cc1c(N(C)C)c(=O)n(-c2ccccc2)n1C,1
CC/C(C)=N\O,1
Nc1nc2ccccc2s1,0
CCCCOO,1
COc1cc(-c2nc(-c3ccccc3)c(-c3ccccc3)[nH]2)ccc1O,1
Nc1nc(N)c2nc(-c3ccccc3)c(N)nc2n1,0
c1ccc2c(c1)-c1ccccc1C1OC21,1
C[C@@H]1[C@H](O)CCC2=CC(=O)[C@@]3([C@H]4O[C@H]4CO)O[C@H]3[C@]21C,1
O=C(OCCBr)C(=O)OCCBr,1
O=c1c2c(O)cccc2oc2c3c(cc(O)c12)O[C@@H]1OC=C[C@@H]31,1
C[n+]1ccc(-c2ccccc2)cc1,0
Oc1c(Br)cc(Br)cc1Br,0
COC(=O)c1cc(OC)c2c(c1-c1c(C(=O)OC)cc(OC)c3c1OCO3)OCO2,0
Cc1c(/C=N/OCc2cccc([N+](=O)[O-])c2)c2cc([N+](=O)[O-])ccc2n1Cc1ccccc1,1
Cc1cc2c3ccccc3cc3ccc4cccc1c4c32,1
C1CN2CCN1CC2,0
COc1cc(/C=C/C(=O)CC(=O)/C=C/c2ccc(O)c(OC)c2)ccc1O,0
Cc1nc2ccc(N)cc2nc1C,1
ClC1=C(Cl)[C@]2(Cl)[C@@H]3[C@@H](Cl)C=C[C@H]3[C@@]1(Cl)C2(Cl)Cl,0
O=C(/N=c1\sn(C(=O)c2cccc([N+](=O)[O-])c2)c2ccc([N+](=O)[O-])cc12)c1cccc([N+](=O)[O-])c1,1
Nc1ccc(N=Nc2ccccc2)c(N)c1,1
C[C@@H](O)CO,0
CCC(CCCC(=O)O)COC(=O)c1ccccc1C(=O)O,0
CC(=O)NC(CS/C(Cl)=C/Cl)C(=O)O,1
C=CC(=O)OCC(C)C,0
CCc1ccc(/C=C/c2ccc([N+](=O)[O-])cc2)cc1,1
Nc1c([N+](=O)[O-])cccc1[N+](=O)[O-],1
CC(Cl)(Cl)C(=O)O,0
O=C1c2ccccc2C(=O)N1SC(Cl)(Cl)Cl,1
CN(C)CCOC(c1ccccc1)c1ccccc1,0
C1=Cc2c(ccc3c2ccc2ccccc23)C1,1
CC(=O)OCc1c2ccccc2cc2ccccc12,1
C=CC(=O)OCCOC,0
CN(C)c1ccc(N=Nc2ccccc2CO)cc1,1
C=CCO,0
Oc1cc(Cl)c(Cl)c(Cl)c1Cl,0
CC(=O)Nc1ccc(S(=O)(=O)Cl)cc1,0
Cc1c(N)ccc(N=Nc2ccccc2)c1N,1
BrCCCCCBr,1
CCN,0
OCCCl,1
CCCCCCCCCCCCO,0
O=C1C=Cc2ccc3c4c(ccc1c24)C=CC3=O,1
O=C1OCC(Br)=C1Br,1
Nc1c(Cl)cc(Cl)cc1Cl,0
c1ccc2c(c1)cc1ccc3cccc4c5ccccc5c2c1c34,1
CC(C)CNCC(C)C,0
COc1ccc2c(c1)-c1nccc3cc(OC)c(O)c(c13)C2=O,1
Nc1nc[nH]n1,0
CCOC(=O)CNC(=O)C(C)Br,1
[N-]=[N+]=Nc1ccc2c(Nc3ccc(NS(=O)(=O)CCCN)cc3)c3cc(N=[N+]=[N-])ccc3nc2c1,1
O=[N+]([O-])c1cc(CCl)cc([N+](=O)[O-])c1,1
Cc1c(N)nc([C@H](CC(N)=O)NC[C@H](N)C(N)=O)nc1C(=O)N[C@H](C(=O)N[C@@H](C)[C@@H](O)[C@@H](C)C(=O)N[C@H](C(=O)NCCc1nc(-c2nc(C(=O)NCCCN[C@H](C)c3ccccc3)cs2)cs1)[C@@H](C)O)[C@@H](O[C@H]1O[C@@H](CO)[C@H](O)[C@@H](O)[C@@H]1O[C@@H]1O[C@H](CO)[C@@H](O)[C@H](OC(N)=O)[C@H]1O)c1c[nH]cn1,1
CCCCOC(=O)c1ccccc1N,0
CCc1c2ccccc2c(C)c2c1ccc1ccccc12,0
C1=c2ccccc2=C2Cc3ccccc3C3=C4OC4=C1C32,1
C=CC(=O)OCCCCC,0
CC(C)OS(C)(=O)=O,1
Cc1c2ccccc2cc2ccc3ccccc3c12,1
O=C1c2ccc3ccccc3c2-c2c1ccc1ccccc21,1
O=S(=O)(O)CNc1ccc(N=Nc2cccnc2)cc1,0
Cc1cc2nc3cc(C)c(N)cc3[n+](-c3ccccc3)c2cc1N,1
CN(C)CCCN1c2ccccc2Sc2ccc(Cl)cc21,0
COC(O)=C1C(C)=NC(COC(N)=O)=C(C(=O)OC(C)C)[C@H]1c1cccc(Cl)c1Cl,0
Cc1c2ccccc2c(CBr)c2ccc3ccccc3c12,1
C(=C/c1cccc(/C=C/c2ccccc2)c1)\c1ccccc1,0
O=[N+]([O-])c1ccc2ccc3ccccc3c2c1,1
Cc1c(N)cnc2c1nc1c(C)cccn12,1
O=C(NC(=O)c1c(F)cccc1F)Nc1cc(Cl)c(Oc2ncc(C(F)(F)F)cc2Cl)c(Cl)c1,0
CCCCCCCCCCCCOC[C@H]1CO1,0
CC1c2ccccc2N(C)C2=Nc3ccccc3C21,1
Cc1cc2ccccc2c2ccc3ccccc3c12,1
O=S(c1cc(Cl)cc(Cl)c1O)c1cc(Cl)cc(Cl)c1O,1
CC(C)(C)C1=CC(=O)C=C(C2=CC(=O)C=C(C(C)(C)C)C2=O)C1=O,1
O=C(O)Cc1ccccc1Cl,0
C=CCCC(C=O)CC,0
Nc1cnn(-c2ccccc2)c(=O)c1Cl,0
COc1cccc2c1C(=O)c1c(O)c3c(c(O)c1C2=O)CC(O)(C(C)=O)CC3OC1CC(N)C(O)C(C)O1,1
c1ccc2c(c1)-c1ccccc1C1NC21,1
c1ccc2c3c4c(cc5ccccc5c4cc2c1)[C@@H]1O[C@H]31,1
C=C[C@H]1CN2CC[C@H]1C[C@H]2[C@H](O)c1ccnc2ccc(OC)cc12,0
CC(Br)C(=O)NCc1ccc(Cl)cc1,1
NNC(=O)CNc1ccc2ccccc2c1,0
O=[N+]([O-])c1cc2ccc3cc4ccccc4c4ccc(c1)c2c34,1
CC1(C(=O)Nc2ccccc2)CO1,1
Oc1ccnc(O)n1,0
COC(=O)C1O/C(=N\O)C(Cl)=C1Cl,0
CC1(C)CC(C(=O)NC(CO)C(O)CO)C(C)(C)[N+]1=O,0
[N-]=[N+]=NCC(O)Cn1cnc2c(N)ncnc21,1
O=C(O)COc1ccc(N(CCCl)CCCl)cc1,1
O=C(O)c1occc(=O)c1O,0
Cc1cccc([N+](=O)[O-])c1[N+](=O)[O-],1
CC(=O)Oc1ccc2c(c1)C1(C)OOC1(C)O2,1
CCCCCN(CCCOC)C(=O)C(CCC(=O)O)NC(=O)c1ccc(Cl)c(Cl)c1,0
C=CC(=O)c1ccc2c(c1)OCO2,0
C[C@@]12CCc3occc3C1CC[C@@]13CC(CCC12)C(O)(CO)C3,0
COc1c2ccoc2nc2c(O)c3c(c(CC=C(C)C)c12)OCO3,0
O/N=C/c1ccncc1,0
C=C/C1=C/C(C)C(C)(OC(C)=O)C(=O)OCC2=CC[N+]3(C)CCC(OC1=O)C23O,1
CCCNCCC,0
N[C@H](CCC(=O)N[C@H](CSc1ccc([N+](=O)[O-])cc1[N+](=O)[O-])C(=O)NCC(=O)O)C(=O)O,1
CCN(CC)c1ccc2nc3ccc(N(CC)CC)cc3[o+]c2c1,1
COc1ccc(N(CCCl)CCCl)c2cc([N+](=O)[O-])oc12,1
CCCCCCCCON(OC(C)=O)C(=O)c1ccccc1,1
COc1cc2c(c3oc4cccc(O)c4c(=O)c13)C1CCOC1O2,0
Nc1ccc(-c2ccc(N)cc2)cc1,1
Cc1ccc(C)o1,0
CCCCCN(CCCC)N=O,1
Cc1c(NO)cnc2c1nc1c(C)cccn12,1
C[C@H]1Cc2c(Cl)cc(C(=O)N[C@H](Cc3ccccc3)C(=O)O)c(O)c2C(=O)O1,0
c1scc2c1-c1cscc1C1NC21,1
Clc1ccc(CC[C@H]2CO2)cc1,1
Cc1ccc(/N=C/c2cccc3cccnc23)c(C(=O)O)c1,0
CN(C)c1ccccc1,0
c1cnc2cnncc2c1,0
O=C(CO)CO,1
O=C(O)c1ccc(C(=O)O)cc1,0
O=[N+]([O-])c1ccc2oc3ccccc3c2c1,1
Cc1cc2nc3ccc(N(C)C)cc3nc2cc1N,1
COc1cccc2c1CC([N+](=O)[O-])c1ccc3c(c1-2)OCO3,1
O=Cc1ccc([N+](=O)[O-])cc1[N+](=O)[O-],1
CCN(CC)c1ccc([N+]#N)cc1,1
Cc1ccc([N+](=O)[O-])cc1[N+](=O)[O-],1
CCNc1nc(Cl)nc(NC(C)C)n1,0
COc1nncc2ccncc12,0
N[C@@H](Cc1ccc(O)c([N+](=O)[O-])c1)C(=O)O,0
CN(N=O)c1cccnc1,0
CC(C)Nc1ccc(Nc2ccccc2)cc1,0
OC1C=Cc2c(ccc3cc4c(cc23)C(O)C(O)c2ccccc2-4)C1O,0
CC1(C)CC(C(N)=O)C(C)(C)N1O,0
O=[N+]([O-])c1ccc2c(ccc3ccc([N+](=O)[O-])cc32)c1,1
ClC(COCC(Cl)C(Cl)(Cl)Cl)C(Cl)(Cl)Cl,1
O=C(/C=C/c1ccc([N+](=O)[O-])cc1)c1ccccc1,1
c1cc2ccc3cccc4ncc(c1)c2c34,1
OCc1cc2ccccc2c2ccc3ccccc3c12,1
Cc1c(/C=N/OCc2ccccc2)c2cc([N+](=O)[O-])ccc2n1Cc1cccc([N+](=O)[O-])c1,1
c1ccc(-c2cccc(-c3ccccc3)c2)cc1,0
CCNCCN,0
Cc1c2ccccc2c(COS(=O)(=O)O)c2ccccc12,1
c1cnc2c3c(ccc2c1)CCC1OC31,1
CN(C)CCN(Cc1ccccc1)c1ccccc1,0
CCCCCCCCCCCCCCCCCCO,0
COc1ccc(-c2oc3ccccc3c(=O)c2N)cc1N,1
O=C1c2cc(O)cc(O)c2C(=O)c2c1cc1c(c2O)[C@@H]2C=CO[C@@H]2O1,1
CSCNc1ccccc1C(C)=O,0
O=c1ccc2cc(O[C@@H]3O[C@H](CO)[C@@H](O)[C@H](O)[C@H]3O)c(O)cc2o1,0
Nc1ccc2c(c1)C(=O)c1ccccc1C2=O,1
CS(=O)(=O)c1ccc(O)c(N)c1,0
CC(C)=CCC/C(C)=C/CC/C(C)=C/C(=O)OCC(=O)C1(O)CCC2C3CCC4=CC(=O)C=CC4(C)C3C(O)CC21C,0
COc1ccc([C@H]2O[C@@H]2C(=O)c2ccccc2)cc1,1
O=[N+]([O-])c1ccccc1C(F)(F)F,0
Fc1ccc(F)c2ncccc12,1
CCN(CC)CCn1nc2c3c(c(CO)ccc31)Sc1cc(Cl)ccc1-2,1
[O-][n+]1c2ccccc2c2ccc3cccc4ccc1c2c34,1
C#CCOCCN1C=CN(C)C1/C=N/O,0
CC(=O)OCc1c2cccc3ccc4cc5cccc6ccc1c(c65)c4c32,1
CC(=O)N/N=C/C1=CN(O)c2ccccc2N1O,1
O=NN1C[C@@H](Cl)[C@H](Cl)C1,1
Nc1cccc2c(N)cccc12,1
NC(CO)C(=O)NNCc1ccc(O)c(O)c1O,1
Cc1ccccc1N=O,1
Oc1cccc(/C=N/c2snc3ccccc23)c1,1
Cc1ccc(-c2nc3ccccc3o2)cc1,0
CNc1ccc2ncccc2c1N,0
O=[N+]([O-])c1ccc(NO)cc1,1
CC(=O)Nc1ccc(N)cc1,1
Clc1c2ccccc2cc2ccccc12,1
CCCCOC[C@H]1CO1,1
CCN(C(=O)N(CC)c1ccccc1)c1ccccc1,0
Cc1cc(C(C)(C)C)c(O)c(C(C)(C)C)c1,0
CC1CC2(C)C(CCC3C4CCC(O)C4(C)CCC32)CC1=O,0
CC[C@@H](C)N,0
CCC(CC)c1cccc(OC(=O)N(C)N=O)c1,1
CC(=O)c1cc(Cc2ccc(N)c(C(C)=O)c2)ccc1N,1
Oc1c(Cl)cc(Cl)cc1Sc1cc(Cl)cc(Cl)c1O,0
CCCCN(CCC)N=O,1
Cn1ccnc1N=O,1
C1=CC2OC2c2cccnc21,0
COc1ccc2c3c(cccc13)C(=O)c1ccccc1-2,1
CCN(CC)c1ccc(N=Nc2ccc([N+](=O)[O-])cc2C#N)cc1,1
CNC1C(OC2C(OC3C(O)C(O)C(N=C(N)N)C(O)C3N=C(N)N)OC(C)C2(O)C=O)OC(CO)C(O)C1O,1
Cc1cc(=O)oc2cc(N)ccc12,0
CC(=O)N(O)c1ccc2ccc3cccc4ccc1c2c34,1
CC1SCC(C(=O)NC(Cc2c[nH]cn2)C(=O)N2CCCC2C(N)=O)NC1=O,0
CC(=O)Nc1ccc(-c2ccc(N)cc2)cc1,1
N=C(N)N=C(N)NCCc1ccccc1,0
Cc1c2c(cc3ccccc13)-c1ccccc1C1OC21,1
OC1C=Cc2c(c3cc4ccccc4cc3c3ccccc23)C1O,1
CCCC[C@@H](CC)COC(=O)CCCCCCCCC(=O)OC[C@H](CC)CCCC,0
Cc1ccc(C)c2c1c1ccccc1n2C,1
c1ccc(-c2ccc([C@@H]3CO3)cc2)cc1,1
CC1=C(C)C(=O)C(C)=C(C)C1=O,0
Cc1ccc(C)cc1,0
O=C1CN=C(c2ccccc2)c2cc([N+](=O)[O-])ccc2N1,0
ClCc1c2ccccc2cc2c1ccc1ccccc12,1
COc1cc(C(C)=O)ccc1O,0
Cc1ccc(C)c(O)c1,0
Cc1c2ccccc2c(CCl)c2ccc3ccccc3c12,1
CCc1cc(-c2ccccc2)cc(CC)c1N,0
CC1=CC2CCCCC2c2ccccc21,1
Cc1cc2c3c(ccc2c2ccccc12)C(O)C(O)C1OC31,0
CCCO,0
COc1cc(O)c2c(=O)c3c(O)ccc(O)c3oc2c1,1
Nc1cccc([N+](=O)[O-])c1,1
Cc1ccc2ccc3c4ccccc4cc4ccc1c2c43,1
COc1cc(/C=C/C(=O)OC2CCC34CC35CCC3(C)C(C(C)CCC=C(C)C)CCC3(C)C5CCC4C2(C)C)ccc1O,0
CC(=O)OC1Cc2c(C)ccc3cc4c(ccc5ccccc54)c1c23,1
Cc1c(N)nc([C@H](CC(N)=O)NC[C@@H](N)C(N)=O)nc1C(=O)N[C@@H](C(=O)N[C@H](C)[C@H](O)[C@H](C)C(=O)N[C@H](C(=O)NCCc1nc(-c2nc(C(=O)NCCCCN=C(N)N)cs2)cs1)[C@@H](C)O)[C@@H](O[C@@H]1O[C@H](CO)[C@@H](O)[C@H](O)[C@@H]1O[C@@H]1O[C@H](CO)[C@@H](O)[C@H](OC(N)=O)[C@H]1O)c1c[nH]cn1,1
CCOC(=O)CNC(=O)CCCCSc1[nH]cnc2ncnc1-2,0
CCCCCCCCCCCCCC[C@H]1CO1,0
O=[N+]([O-])c1ccc(F)c([N+](=O)[O-])c1,1
Cn1cnc2ccc([N+](=O)[O-])cc21,1
O=NN1CC[C@H](Br)[C@@H](Br)C1,1
CCC(=O)Nc1snc2ccccc12,0
CCN(CC)Cc1cc(Nc2ccnc3cc(Cl)ccc23)ccc1O,0
Cc1cc(O)c2c(c1)C(=O)c1cc(O[C@@H]3O[C@H](C)[C@@H](O)[C@H](O)[C@H]3O)cc(O)c1C2=O,1
ClC(Cl)Cl,0
COc1ccc(CNC(=O)C(C)Br)cc1,1
CNC1CCc2cc(OC)c(OC)c(OC)c2-c2ccc(OC)c(=O)cc21,0
Clc1c(Cl)c(Cl)c(Cl)c(Cl)c1Cl,0
O=NN1CCOC(O)C1,1
O=C1CCC(=O)N1c1ccc(Cl)cc1,0
O=C(ON(OCc1ccccc1)C(=O)c1ccccc1)c1ccc(Cl)cc1,1
O=C1c2cc(S(=O)(=O)O)ccc2C(=O)c2c1cccc2[N+](=O)[O-],1
C#CC(OC(=O)NC1CCCCC1)(c1ccccc1)c1ccccc1,1
ClCc1c2ccccc2c(CCl)c2ccccc12,1
C[C@H]1CN(N=O)C[C@@H](C)N1N=O,1
O=[N+]([O-])c1cccc(C(F)(F)F)c1,0
OC1COC(NCCc2c[nH]c3ccccc23)C(O)C1O,1
O=C(/C=C\c1ccc(O)c(O)c1)O[C@@H]1C[C@](O)(C(=O)O)C[C@H](O)[C@H]1O,0
Cc1c([N+](=O)[O-])cc2c(c1[N+](=O)[O-])C(C)(C)CC2(C)C,0
COC(=O)c1oc(N(O)C(C)=O)c(-c2ccccc2)c1-c1ccccc1,0
O=NN(c1ccc([N+](=O)[O-])cc1)[C@@H]1OC[C@H](O)[C@@H](O)[C@H]1O,1
Nc1c(O)cccc1C(=O)CC(N)C(=O)O,0
C=O,1
O=NN1CC[C@@H](O)C1,1
Oc1ccccc1-c1ccccc1,0
CC(=O)C1=C(O)C2C3c4c[nH]c5cccc(c45)CC3C(C)(C)N2C1=O,1
O=[N+]([O-])C1=Cc2c3c1cccc3cc1ccc3ccccc3c21,1
c1cc2ccc3nc4ccccc4c4ccc(c1)c2c34,1
CC(=O)OCC[C@@H](C=O)c1c(O)cc2c(c1O)C(=O)c1c(O)cc(O)cc1C2=O,1
COc1ccc(NC(=O)c2csc([N+](=O)[O-])c2)cc1,1
CC1=C(/C=C\C(C)=C/C=C\C(C)=C/C=O)C(C)(C)CCC1,1
CC(C)=CCC[C@@](C)(O)[C@H]1CCC=CC1=O,1
CCN(CC)CCn1nc2ccc(CO)c3c2c1Sc1cc(Cl)ccc1-3,1
CCOc1ccc2nc(N)sc2c1,1
Cc1c(C(=O)O)c(O)cc2c1C(=O)c1c(O)c([C@H]3O[C@@H](CO)[C@H](O)[C@@H](O)[C@@H]3O)c(O)c(O)c1C2=O,1
COc1c(Cl)ccc(Cl)c1C(=O)O,0
CC(=O)c1cc(N)ccc1OCC(O)CNC(C)(C)C,0
O=C1OC2(c3ccccc31)c1cc(I)c(O)c(I)c1Oc1c2cc(I)c(O)c1I,0
OCc1c2ccccc2cc2ccccc12,1
CS(=O)(=O)O,0
CCCCCNCCCCC,0
OCCN1CCN(CCCN2c3ccccc3Sc3ccc(C(F)(F)F)cc32)CC1,0
Nc1ccc2nc3ccccc3c(N)c2c1,1
[O-][Cl+3]([O-])([O-])[O-],0
CC1=CCC(C(C)(C)O)CC1,0
CC1(C)CC(O)CC(C)(C)N1O,1
COc1ccc(CN2C3c4ccccc4-c4ccccc4C32)cc1,1
C[C@@H](N)[C@@H](O)c1ccccc1,0
CC(C)=CCCC(C)CC=O,0
Cn1cc2ccc([N+](=O)[O-])cc2n1,1
O=C(c1ccc(F)cc1)[C@H]1O[C@@H]1c1ccccc1,1
CCCCCCCCOC(=O)c1ccccc1C(=O)OCCCCCCCC,0
C[C@H]1CCCC(=O)CCC/C=C\c2cc(O)cc(O)c2C(=O)O1,0
O=S(=O)(O)c1ccc2cc(O)c(S(=O)(=O)O)cc2c1,0
O=[N+]([O-])c1cccc2cnsc12,1
O=[N+]([O-])c1cc(Cl)cc(Sc2cc(Cl)cc([N+](=O)[O-])c2O)c1O,0
O=[N+]([O-])c1ccc2ccc3cc4ccccc4c4ccc1c2c34,1
COC(=O)c1ccc(/C=N/n2nnc3c4ccccc4nc-3c2O)cc1,1
CCCCCCC(=O)OCCN1CCN(CCCN2c3ccccc3Sc3ccc(C(F)(F)F)cc32)CC1,0
O=[N+]([O-])c1cc2c(cc3ccc4cccc5ccc2c3c45)o1,1
CCN(CC)N(O)N=O,1
O=Cc1ccc(Cl)c(Cl)c1,0
COc1ccc2c(ccc3oc([N+](=O)[O-])cc32)c1,1
CN1CCN(N=O)CC1,1
CNc1ccc(N=Nc2ccc(NC)cc2)cc1,0
Nc1ccc(Nc2ccc([N+](=O)[O-])cc2)cc1,1
Cc1cc(Cl)ccc1OCCCC(=O)O,0
CCOCCO,0
O=C1OC(=O)c2c(Br)c(Br)c(Br)c(Br)c21,0
O=[N+]([O-])c1ccc2[nH]cnc2c1,1
O=Cc1ccccc1[N+](=O)[O-],1
O=C(O)c1ccc(O)cc1,0
C#CC1(O)CCC2C3CCC4=CC(=O)CCC4C3CCC21C,0
O=C(O)c1cc([N+](=O)[O-])cc([N+](=O)[O-])c1,1
Nc1ccc(NC(=O)c2ccc(C(=O)O)cc2)cc1,0
C/C=C(\C)C(=O)OC1CCN2CC=C(CO)C12,0
ClC=C(Cl)Cl,0
N#Cc1cccc2c([N+](=O)[O-])cccc12,1
O=C(c1ccc([N+](=O)[O-])cc1)[C@H]1O[C@@H]1c1ccccc1,1
C[N+](C)(C)CCO,0
OCC1OC(n2cnc3c(NCC(O)COc4cccc5ccccc45)ncnc32)C(O)C1O,0
Cc1cc2nc3c(ccc4ccccc43)c(C)c2cc1C,1
CC(C)=CC=O,0
O=CC=C(Cl)Cl,1
c1ccc(-c2ccc(CC3CO3)cc2)cc1,1
CCCCCCCCCCCCCCCC[C@H]1CO1,0
CC(=C/C=C/C=C(C)/C=C/C=C(\C)C(=O)O[C@@H]1O[C@H](CO[C@@H]2O[C@H](CO)[C@@H](O)[C@H](O)[C@H]2O)[C@@H](O)[C@H](O)[C@H]1O)/C=C/C=C(/C)C(=O)O[C@@H]1O[C@H](CO[C@@H]2O[C@H](CO)[C@@H](O)[C@H](O)[C@H]2O)[C@@H](O)[C@H](O)[C@H]1O,0
CC(=O)O[C@H]1CC[C@]2(C)[C@H]3CC[C@@]4(C)[C@@H](CC[C@H]4[C@H](C)CCCC(C)C)[C@@H]3C[C@@H]3N(N4C(=O)c5ccccc5C4=O)[C@@]32C1,1
Nc1ccc(O)c(C(=O)O)c1,0
c1ccc(N(c2ccccc2)c2ccccc2)cc1,0
C=C1/C(=C/C=C2\CCCC3(C)C2CCC3C(C)CCC(O)C(C)C)CC(O)CC1O,0
Oc1cc(Cl)c(O)cc1Cl,0
CCC(CO)(CO)CO,0
CC(C)OC(=O)Cc1ccccc1,0
CO/N=C(\C(=O)NC1C(=O)N2C(C(=O)O)=C(CSC(=O)c3ccco3)CSC12)c1csc(N)n1,0
O=[N+]([O-])C(Cl)Cl,1
CCOC(=O)c1ccccc1N,0
ClCCNCCCNc1c2ccccc2nc2c1ccc1cccnc12,1
COc1cc2oc(-c3ccc(O)cc3)c(O)c(=O)c2cc1OC,0
CC(=O)Nc1ccccc1C,1
CCC1(O)CC2CN(CCc3c([nH]c4ccccc34)C(C(=O)OC)(c3cc4c(cc3OC)N(C)C3C(O)(C(=O)OC)C(OC(C)=O)C5(CC)C=CCN6CCC43C65)C2)C1,0
COc1cc(NS(C)(=O)=O)ccc1Nc1c2ccc(N=[N+]=[N-])cc2nc2c(C)cccc12,1
O=c1[nH]c(=O)n(C2CCCO2)cc1F,0
C1CN1,1
CCCCC(C)C(OC(=O)CC(CC(=O)O)C(=O)O)C(CC(C)CCCCCCC(O)CC(O)C(C)N)OC(=O)CC(CC(=O)O)C(=O)O,0
Cc1cnc2ccc3c(ncn3C)c2n1,0
OC1C=Cc2cc3c(ccc4ccccc43)c(Cl)c2C1O,0
c1ccc2c(c1)oc1ccccc12,0
Cc1ccc(C(=O)Cl)cc1,1
C1CCNC1,0
CC(=O)Nc1ccc(-c2ccccc2)cc1,1
CC1(c2ccccc2)CO1,1
Cn1c(N=[N+]=[N-])nc2c3ccccc3ccc21,1
N=C(N)c1ccc2c(N)c(C(=N)N)[nH]c2c1,0
O=C1Nc2ccc(Cl)cc2C(c2ccccc2)=N[C@@H]1O,0
COc1nsc2c(N)cccc12,1
CC(=O)OCN=[N+](C)[O-],0
CC(=O)NCC(O)COc1cccc2ccccc12,0
Nc1cc2cccc3ccc4cccc1c4c32,1
CCCCCON=O,1
CCCCOC(=O)CCC,0
COc1ccc(O)cc1C(C)(C)C,0
O=[N+]([O-])c1cc2cccc([N+](=O)[O-])c2cc1[N+](=O)[O-],1
CC(Br)(CO)CBr,0
C[N+](C)(C)CC1CO1,1
CC12OOC1(COC(=O)Nc1ccc(Cl)cc1)Oc1ccccc12,1
CN1CCOCC1,0
Cc1ccc(N=Nc2c(O)ccc3ccccc23)cc1C,0
O=c1ccc2cc3c4c(c2o1)CCCN4CCC3,1
O=C1C=CC(=O)N1,1
ClCc1cc2c3c(cccc3c1)-c1ccccc1-2,1
N#C/C(=C\C=C\c1ccccc1)c1ccc(Cl)cc1,1
Nc1ccc2cc(S(=O)(=O)O)cc(O)c2c1N=Nc1ccc(-c2ccc(N=Nc3c(N)ccc4cc(S(=O)(=O)O)cc(O)c34)cc2)cc1,1
O=C(CCl)CCl,1
Cc1ccc(C(=O)c2cc(O)c(O)c([N+](=O)[O-])c2)cc1,0
CC[n+]1c(-c2ccccc2)c2cc(N)ccc2c2ccc(N)cc21,1
O=[N+]([O-])c1cc2cccc([N+](=O)[O-])c2c2ccccc12,1
CC(C)=CCC/C(C)=C/C=C/C(C)=C/C=C/C(C)=C/C=C/C=C(C)/C=C/C=C(C)/C=C/C=C(\C)CCC=C(C)C,0
O=C(O)c1ccccc1Nc1cc(Cl)ccc1C(=O)O,0
Oc1cc(O)cc(O)c1,0
Nc1ccc(S(=O)(=O)Nc2nccs2)cc1,0
C=CC(C)(C)c1cc2cc3c(cc2oc1=O)OC(C(C)(C)O)C3,1
Clc1cncc(Cl)c1,0
CC(Br)C(=O)N(C)Cc1ccccc1,0
COP(C)(=O)OC,0
CC(C)=O,0
N=c1ccn2c(n1)O[C@@H]1[C@@H]2O[C@H](CO)[C@H]1O,0
OCCS,0
O=[N+]([O-])c1ccc(/C=C/c2ccc([N+](=O)[O-])cc2)cc1,1
CC(=O)N(O)c1ccccc1C,1
O=S(=O)(O)Oc1ccc2ccc3cc4ccccc4c4ccc1c2c34,1
CC(C)(C)OC(=O)[C@H](N)CN=[N+]=[N-],1
COc1cc(N)ccc1C,1
c1ccc2c(c1)c1ccccc1c1cc3cnccc3cc21,1
CCC(=O)OCc1ccccc1[N+](=O)[O-],0
O=S(=O)(Nc1ccccc1Cl)c1cccc2cccnc12,0
Nc1ccc2snc(Cl)c2c1,1
CC(C)(C)NCC(O)COc1nsnc1N1CCOCC1,0
O=Nc1c(-c2ccc(Cl)cc2)nc2sccn12,1
OCC12OOC1(CO)c1ccccc1O2,0
CC[C@@H](C)NC(=O)/C=C/c1ccc([N+](=O)[O-])o1,1
O=C1c2ccccc2C(=O)c2ccccc21,1
O=C(O)[C@@H]1O[C@H](N(O)c2ccc(-c3ccccc3)cc2)[C@@H](O)[C@H](O)[C@H]1O,1
COc1c2ccccc2nc2occc12,1
CC(C)(C)NCC(O)COc1ccccc1C1=CCCC1,0
C/C=C/CC#N,0
C=C1C[C@@]23CC[C@H]4[C@@](C)(CCC[C@@]4(C)C(=O)O)[C@@H]2CC[C@]1(O[C@@H]1O[C@H](CO)[C@@H](O)[C@H](O)[C@H]1O[C@@H]1O[C@H](CO)[C@@H](O)[C@H](O)[C@H]1O)C3,0
